{
  "display": {
    "icon": {
      "item": "minecraft:phantom_membrane"
    },
    "title": "Sopra",
    "description": "Go Above The Height Limit",
    "frame": "task",
    "show_toast": true,
    "announce_to_chat": true,
    "hidden": false
  },
  "criteria": {
    "requirement": {
      "trigger": "minecraft:changed_dimension",
      "conditions": {
        "player": {
          "location": {
            "dimension": "mcplus:sopra"
          }
        }
      }
    }
  }
}