{
  "type": "mcplus:deepcold_type",
  "generator": {
    "type": "minecraft:noise",
    "seed": -883475306,
    "biome_source": {
      "type": "minecraft:fixed",
      "seed": -883475306,
      "biome": "mcplus:ice_caverns"
    },
    "settings": {
      "name": "minecraft:deepcold",
      "bedrock_roof_position": 0,
      "bedrock_floor_position": 0,
      "sea_level": 0,
      "disable_mob_generation": false,
      "default_block": {
        "Name": "minecraft:packed_ice"
      },
      "default_fluid": {
        "Name": "minecraft:water",
        "Properties": {
          "level": "0"
        }
      },
      "noise": {
        "density_factor": 0,
        "density_offset": 0.019921875,
        "simplex_surface_noise": false,
        "random_density_offset": false,
        "island_noise_override": false,
        "amplified": false,
        "size_horizontal": 1,
        "size_vertical": 2,
        "height": 128,
        "sampling": {
          "xz_scale": 1,
          "y_scale": 3,
          "xz_factor": 80,
          "y_factor": 60
        },
        "bottom_slide": {
          "target": 320,
          "size": 4,
          "offset": -1
        },
        "top_slide": {
          "target": 120,
          "size": 3,
          "offset": 0
        }
      },
      "structures": {
        "structures": {}
      }
    }
  }
}