{
  "type": "mcplus:sopra_type",
  "generator": {
    "type": "minecraft:noise",
    "seed": -367243464,
    "biome_source": {
      "type": "minecraft:fixed",
      "seed": -367243464,
      "biome": "mcplus:clouds"
    },
    "settings": {
      "name": "minecraft:sopra",
      "bedrock_roof_position": -10,
      "bedrock_floor_position": -10,
      "sea_level": 0,
      "disable_mob_generation": false,
      "default_block": {
        "Name": "minecraft:diorite"
      },
      "default_fluid": {
        "Name": "minecraft:water",
        "Properties": {
          "level": "0"
        }
      },
      "noise": {
        "density_factor": 0,
        "density_offset": 0,
        "simplex_surface_noise": true,
        "random_density_offset": false,
        "island_noise_override": false,
        "amplified": false,
        "size_horizontal": 2,
        "size_vertical": 1,
        "height": 255,
        "sampling": {
          "xz_scale": 2,
          "y_scale": 1,
          "xz_factor": 80,
          "y_factor": 160
        },
        "bottom_slide": {
          "target": -30,
          "size": 7,
          "offset": 1
        },
        "top_slide": {
          "target": -3000,
          "size": 64,
          "offset": -46
        }
      },
      "structures": {
        "structures": {}
      }
    }
  }
}