{
  "surface_builder": "minecraft:grass",
  "depth": 0.125,
  "scale": 0.05,
  "temperature": 0.8,
  "downfall": 0.4,
  "precipitation": "snow",
  "temperature_modifier": "frozen",
  "category": "forest",
  "effects": {
    "sky_color": 7907327,
    "fog_color": 12638463,
    "water_color": 4159204,
    "water_fog_color": 329011,
    "grass_color": 16777215,
    "foliage_color": 16777215,
    "grass_color_modifier": "none"
  },
  "starts": [
    "minecraft:buried_treasure",
    "minecraft:shipwreck",
    "minecraft:shipwreck_beached"
  ],
  "spawners": {
    "monster": [
      {
        "type": "minecraft:phantom",
        "weight": 1,
        "minCount": 0,
        "maxCount": 0
      }
    ]
  },
  "spawn_costs": {},
  "carvers": {
    "air": [
      "minecraft:cave"
    ]
  },
  "features": [
    [
      "minecraft:oak",
      "minecraft:ore_emerald",
      "minecraft:ore_diamond",
      "minecraft:fancy_oak"
    ]
  ]
}