{  
  "surface_builder": "minecraft:ice_spikes",
  "depth": 0.125,
  "scale": 0.1,
  "temperature": 0.8,
  "downfall": 0.4,
  "precipitation": "snow",
  "temperature_modifier": "frozen",
  "category": "icy",
  "player_spawn_friendly": true,
  "effects": {
    "sky_color": 6782590,
    "fog_color": 9153708,
    "water_color": 11396838,
    "water_fog_color": 11727088,
    "grass_color": 16777215,
    "foliage_color": 16777215,
    "grass_color_modifier": "none"
  },
  "starts": [],
  "spawners": {
    "monster": [
      {
        "type": "minecraft:skeleton",
        "weight": 1,
        "minCount": 0,
        "maxCount": 0
      }
    ]
  },
  "spawn_costs": {},
  "carvers": {},
  "features": []
}